detector_type,descriptor_type,frame,no_keypoints_frame,detector_time_ms,descriptor_time_ms,no_matched_points,matching_time_ms,ttc_lidar_s,ttc_camera_s
SHITOMASI,BRISK,0,1723,31.45731400,21.55502100,0,0.00000000,0.00000000,0.00000000
SHITOMASI,BRISK,1,1759,12.18363800,18.51721300,577,152.93150100,12.29943227,13.28852223
SHITOMASI,BRISK,2,1820,12.52889400,18.55308700,568,160.11664100,12.98777737,14.28470104
SHITOMASI,BRISK,3,1850,12.05291800,18.63632000,618,167.31050100,17.26938871,14.98524849
SHITOMASI,BRISK,4,1828,12.22133000,18.73949200,589,169.75561200,13.79866612,13.84620999
SHITOMASI,BRISK,5,1806,12.45376700,18.50255500,610,163.60278900,12.85564709,12.20549571
SHITOMASI,BRISK,6,1877,12.20353300,18.77995200,598,165.97922300,13.34054193,13.92202324
SHITOMASI,BRISK,7,1894,12.49629000,23.62203200,580,170.30987000,14.45731022,11.32670333
SHITOMASI,BRISK,8,1889,12.60496200,19.33530500,613,174.30258300,13.13016586,11.42755996
SHITOMASI,BRISK,9,1917,12.40768900,20.31780100,595,175.02548200,12.34545830,12.11316895
SHITOMASI,BRISK,10,1874,12.40063100,18.59209600,601,174.40290200,12.14960324,8.97882759
SHITOMASI,BRISK,11,1912,12.28983700,18.99111900,615,173.03465400,11.54790781,12.68383729
SHITOMASI,BRISK,12,1930,12.70352700,19.71998500,621,180.35278700,10.07826007,10.98361180
SHITOMASI,BRISK,13,1881,12.18307600,19.16806800,636,177.88481800,9.20565887,12.46161453
SHITOMASI,BRISK,14,1886,12.13639900,19.20581700,646,175.42132700,9.54236248,12.86265780
SHITOMASI,BRISK,15,1957,13.03246300,19.81378200,656,183.04127200,8.39156690,11.03129774
SHITOMASI,BRISK,16,1888,12.19086400,18.93784100,638,183.59322200,8.88653053,9.01231398
SHITOMASI,BRISK,17,1919,12.26050000,19.35404200,697,180.53420000,11.04299793,12.77319570

SHITOMASI,BRIEF,0,1723,17.64452800,12.65009200,0,0.00000000,0.00000000,0.00000000
SHITOMASI,BRIEF,1,1759,12.42020400,7.33264300,803,72.27157400,12.29943227,10.92590126
SHITOMASI,BRIEF,2,1820,12.44354400,7.37968700,800,75.20194200,12.98777737,13.36944841
SHITOMASI,BRIEF,3,1850,12.75421100,7.29636900,911,79.03294100,17.26938871,10.57685834
SHITOMASI,BRIEF,4,1828,12.30247800,7.41135400,869,79.47629700,13.79866612,13.43378084
SHITOMASI,BRIEF,5,1806,12.53338900,7.47221100,853,76.23194600,12.85564709,11.68855355
SHITOMASI,BRIEF,6,1877,12.30732900,7.18581300,851,75.72640100,13.34054193,10.75303961
SHITOMASI,BRIEF,7,1894,12.81397700,7.64338400,836,77.87607200,14.45731022,18.16114677
SHITOMASI,BRIEF,8,1889,12.10970400,7.19705900,879,77.52900700,13.13016586,11.10089688
SHITOMASI,BRIEF,9,1917,12.20471500,7.37665900,849,79.21838100,12.34545830,11.73761860
SHITOMASI,BRIEF,10,1874,12.11099700,7.72388300,857,80.39105100,12.14960324,12.08821188
SHITOMASI,BRIEF,11,1912,12.43837800,7.60562400,873,80.63173600,11.54790781,10.58335958
SHITOMASI,BRIEF,12,1930,12.26062400,7.94268500,894,81.17538000,10.07826007,10.31047298
SHITOMASI,BRIEF,13,1881,12.51098200,7.51151000,910,80.72112000,9.20565887,12.24642116
SHITOMASI,BRIEF,14,1886,12.69870000,7.58134700,923,81.91636100,9.54236248,11.28806892
SHITOMASI,BRIEF,15,1957,12.53080900,7.97867000,938,82.56851100,8.39156690,12.73596497
SHITOMASI,BRIEF,16,1888,12.18489200,7.25078400,910,83.52187600,8.88653053,10.32868069
SHITOMASI,BRIEF,17,1919,12.61594000,7.83422500,931,83.18700900,11.04299793,11.35135968

SHITOMASI,ORB,0,1723,12.02991700,5.84892400,0,0.00000000,0.00000000,0.00000000
SHITOMASI,ORB,1,1759,12.03267600,4.21375300,684,69.45663600,12.29943227,12.34268530
SHITOMASI,ORB,2,1820,12.80811600,4.39057600,718,73.21143700,12.98777737,12.36213794
SHITOMASI,ORB,3,1850,12.19328500,4.41476800,741,77.26198400,17.26938871,9.76786617
SHITOMASI,ORB,4,1828,12.71828500,4.24500400,720,78.48268400,13.79866612,12.71383575
SHITOMASI,ORB,5,1806,12.07649500,4.16989400,717,75.23397700,12.85564709,12.66024508
SHITOMASI,ORB,6,1877,19.53205800,7.29855500,715,74.55743900,13.34054193,11.48234136
SHITOMASI,ORB,7,1894,12.96174400,4.28688100,716,74.87019500,14.45731022,13.58930010
SHITOMASI,ORB,8,1889,12.49332400,4.19416200,751,76.26822200,13.13016586,13.22851895
SHITOMASI,ORB,9,1917,12.12654300,4.18670700,715,77.35382500,12.34545830,11.70219112
SHITOMASI,ORB,10,1874,12.14525900,4.10718100,692,76.52870600,12.14960324,12.39611095
SHITOMASI,ORB,11,1912,12.22417200,4.34652700,750,76.25517800,11.54790781,11.27829846
SHITOMASI,ORB,12,1930,12.35599000,4.28133700,771,79.23445200,10.07826007,11.84801210
SHITOMASI,ORB,13,1881,12.40800500,4.22385400,742,77.80535100,9.20565887,12.35392526
SHITOMASI,ORB,14,1886,12.15577200,4.22011500,777,77.00848400,9.54236248,11.54760103
SHITOMASI,ORB,15,1957,12.44813600,4.36913400,764,80.35523200,8.39156690,9.36488598
SHITOMASI,ORB,16,1888,13.23955500,4.39087700,762,81.16624500,8.88653053,211.04540718
SHITOMASI,ORB,17,1919,12.87536100,4.57370500,765,79.45912000,11.04299793,22.30051052

SHITOMASI,FREAK,0,1723,12.96924700,52.29926000,0,0.00000000,0.00000000,0.00000000
SHITOMASI,FREAK,1,1759,12.99989900,53.95391600,476,139.38592400,12.29943227,15.33537247
SHITOMASI,FREAK,2,1820,12.58122400,53.99278900,531,147.13189600,12.98777737,10.80130023
SHITOMASI,FREAK,3,1850,12.13634900,53.15070800,541,155.33706300,17.26938871,14.91529430
SHITOMASI,FREAK,4,1828,12.31527000,52.50682200,510,155.81779800,13.79866612,13.77308447
SHITOMASI,FREAK,5,1806,12.19123100,52.59063900,526,149.71492400,12.85564709,12.56887042
SHITOMASI,FREAK,6,1877,12.30061700,52.68856800,493,148.96496800,13.34054193,20.57178404
SHITOMASI,FREAK,7,1894,12.32379000,52.85647800,485,154.74141500,14.45731022,-0.17237748
SHITOMASI,FREAK,8,1889,12.80988800,53.87231900,535,154.54573800,13.13016586,nan
SHITOMASI,FREAK,9,1917,12.19172700,53.68288300,514,157.15248400,12.34545830,11.97351300
SHITOMASI,FREAK,10,1874,12.09948900,53.40228400,521,155.22778900,12.14960324,13.01915737
SHITOMASI,FREAK,11,1912,12.32274700,53.88867600,507,155.38093200,11.54790781,12.17215832
SHITOMASI,FREAK,12,1930,12.56089400,54.75205800,507,161.74633500,10.07826007,12.66639327
SHITOMASI,FREAK,13,1881,12.46666700,53.43489400,485,159.92064600,9.20565887,12.46161453
SHITOMASI,FREAK,14,1886,12.29499100,52.57637500,529,158.35989900,9.54236248,11.59774455
SHITOMASI,FREAK,15,1957,12.12433300,53.93054100,536,164.51672000,8.39156690,11.08360630
SHITOMASI,FREAK,16,1888,12.45010100,53.46905700,542,165.24255900,8.88653053,10.55071655
SHITOMASI,FREAK,17,1919,12.49772200,53.80601700,555,162.44931200,11.04299793,11.47074370

SHITOMASI,AKAZE,0,0,0.00000000,0.00000000,0,0.00000000,0.00000000,0.00000000
SHITOMASI,AKAZE,1,0,0.00000000,0.00000000,0,0.00000000,0.00000000,0.00000000
SHITOMASI,AKAZE,2,0,0.00000000,0.00000000,0,0.00000000,0.00000000,0.00000000
SHITOMASI,AKAZE,3,0,0.00000000,0.00000000,0,0.00000000,0.00000000,0.00000000
SHITOMASI,AKAZE,4,0,0.00000000,0.00000000,0,0.00000000,0.00000000,1726347346919784596218595979484941815920177203742450248701171473325086629857703513723909799164355262607234751553172250703718075200217662729374106842734450926102772184259787656229842430088249594240322340007579275853971610510853021565816286478336.00000000
SHITOMASI,AKAZE,5,0,0.00000000,0.00000000,0,0.00000000,0.00000000,78923505847451519368150794087956480.00000000
SHITOMASI,AKAZE,6,0,0.00000000,0.00000000,0,0.00000000,0.00000000,42451022239132593821440808235492530101484619384870697940200026967523770380659019186149598058762252810710399673407962352053728479043228708020109607026538761175637082850407219200.00000000
SHITOMASI,AKAZE,7,0,0.00000000,0.00000000,0,0.00000000,0.00000000,4251005171854987222490061758896760859931977203737508294106761003003752899904578357821186104635271107542198943109985430542680305572214127338820579886126116552553950781154691884852883105599725004072826521717419699115956386001846272.00000000
SHITOMASI,AKAZE,8,0,0.00000000,0.00000000,0,0.00000000,0.00000000,0.00000000
SHITOMASI,AKAZE,9,0,0.00000000,0.00000000,0,0.00000000,0.00000000,0.00000000
SHITOMASI,AKAZE,10,0,0.00000000,0.00000000,0,0.00000000,0.00000000,5285614496162831971717956274206937323440481328937256480958922330248678709689218633860112178131343192334108812580986745737728268629247395958066307983254394192247918343213536598032384.00000000
SHITOMASI,AKAZE,11,0,0.00000000,0.00000000,0,0.00000000,0.00000000,257382701426205473290748461812813868344019749007371145206014185196144538222589374640355913423277825384343465416585780640020648120318179633607517618644388805432017684437416277378571698176.00000000
SHITOMASI,AKAZE,12,0,0.00000000,0.00000000,0,0.00000000,0.00000000,0.00000000
SHITOMASI,AKAZE,13,0,0.00000000,0.00000000,0,0.00000000,0.00000000,0.00000000
SHITOMASI,AKAZE,14,0,0.00000000,0.00000000,0,0.00000000,0.00000000,0.00000000
SHITOMASI,AKAZE,15,0,0.00000000,0.00000000,0,0.00000000,0.00000000,0.00000000
SHITOMASI,AKAZE,16,0,0.00000000,0.00000000,0,0.00000000,0.00000000,0.00000000
SHITOMASI,AKAZE,17,0,0.00000000,0.00000000,0,0.00000000,0.00000000,0.00000000

SHITOMASI,SIFT,0,1723,12.18497000,62.39083400,0,0.00000000,0.00000000,0.00000000
SHITOMASI,SIFT,1,1759,12.09389400,62.44416900,1260,130.65876700,12.29943227,12.62138574
SHITOMASI,SIFT,2,1820,12.35812600,63.74633300,1257,138.05484500,12.98777737,13.01144693
SHITOMASI,SIFT,3,1850,12.15612800,64.41311100,1321,144.69085700,17.26938871,11.69336253
SHITOMASI,SIFT,4,1828,12.78219000,64.14767700,1344,145.34750300,13.79866612,12.19335897
SHITOMASI,SIFT,5,1806,12.25097600,62.16423800,1324,141.84378500,12.85564709,12.06562011
SHITOMASI,SIFT,6,1877,12.39998200,64.67570700,1287,145.98489600,13.34054193,12.85727758
SHITOMASI,SIFT,7,1894,12.45967500,65.93714100,1310,152.59145100,14.45731022,12.66115703
SHITOMASI,SIFT,8,1889,12.75577900,65.99987300,1337,154.91320600,13.13016586,12.11850864
SHITOMASI,SIFT,9,1917,13.04223500,68.27721000,1334,157.32962000,12.34545830,11.60772546
SHITOMASI,SIFT,10,1874,12.76678800,65.84085300,1324,155.50275400,12.14960324,12.85139985
SHITOMASI,SIFT,11,1912,12.87425600,67.55357800,1299,154.80368900,11.54790781,11.32670333
SHITOMASI,SIFT,12,1930,12.73250000,66.88678400,1356,160.41826900,10.07826007,11.84801210
SHITOMASI,SIFT,13,1881,12.27723300,64.76321500,1372,151.33590500,9.20565887,12.55950638
SHITOMASI,SIFT,14,1886,12.15901900,64.45600500,1359,152.92936700,9.54236248,11.72360740
SHITOMASI,SIFT,15,1957,12.90140100,68.09357000,1400,158.82794000,8.39156690,10.37529913
SHITOMASI,SIFT,16,1888,12.25499000,65.80384100,1425,158.36522400,8.88653053,11.06366324
SHITOMASI,SIFT,17,1919,12.69484900,66.70480200,1442,155.78302700,11.04299793,12.40838174

HARRIS,BRISK,0,115,13.27439300,2.34570700,0,0.00000000,0.00000000,0.00000000
HARRIS,BRISK,1,209,14.81872400,3.26916300,64,1.79217600,12.29943227,nan
HARRIS,BRISK,2,114,12.82753700,2.35559200,72,1.82372900,12.98777737,nan
HARRIS,BRISK,3,178,13.75619800,2.89574500,64,1.58007000,17.26938871,nan
HARRIS,BRISK,4,250,15.51323600,3.64980100,86,2.90475400,13.79866612,12.75019685
HARRIS,BRISK,5,241,15.23277000,3.51267000,113,3.70947800,12.85564709,13.32061302
HARRIS,BRISK,6,259,16.28158400,3.74731000,97,3.78506500,13.34054193,nan
HARRIS,BRISK,7,272,16.92584600,3.81543700,112,4.15815500,14.45731022,nan
HARRIS,BRISK,8,193,13.92211500,3.19919600,94,3.25476600,13.13016586,nan
HARRIS,BRISK,9,129,12.95665600,2.50533600,75,1.85379800,12.34545830,nan
HARRIS,BRISK,10,248,16.03546000,3.95804000,59,2.27846400,12.14960324,nan
HARRIS,BRISK,11,147,13.33574200,2.62619500,76,2.45428200,11.54790781,nan
HARRIS,BRISK,12,168,13.70339900,2.82970800,65,1.75291500,10.07826007,nan
HARRIS,BRISK,13,181,13.60939700,3.03679200,81,2.11098600,9.20565887,nan
HARRIS,BRISK,14,144,13.44599600,2.64357100,76,1.94446700,9.54236248,nan
HARRIS,BRISK,15,243,16.09457400,3.57633800,69,2.42199700,8.39156690,nan
HARRIS,BRISK,16,213,14.46193200,3.24417200,101,3.31883900,8.88653053,10.96456895
HARRIS,BRISK,17,126,12.33097000,2.41188100,78,1.93805200,11.04299793,nan

HARRIS,BRIEF,0,115,12.16265000,1.57714200,0,0.00000000,0.00000000,0.00000000
HARRIS,BRIEF,1,209,14.50986800,1.94764400,84,1.06853800,12.29943227,nan
HARRIS,BRIEF,2,114,13.44904600,1.57640100,95,1.18512900,12.98777737,nan
HARRIS,BRIEF,3,178,13.67658100,1.70713500,84,0.95543800,17.26938871,nan
HARRIS,BRIEF,4,250,15.89143000,1.94490800,112,1.60468000,13.79866612,nan
HARRIS,BRIEF,5,241,15.27264400,2.00309800,138,2.02012800,12.85564709,nan
HARRIS,BRIEF,6,259,15.87422700,2.03179200,137,1.98297900,13.34054193,nan
HARRIS,BRIEF,7,272,16.64952400,2.02634300,150,2.22385900,14.45731022,12.92369250
HARRIS,BRIEF,8,193,13.70634300,1.93068100,140,1.93190100,13.13016586,-inf
HARRIS,BRIEF,9,129,12.95822700,1.59632100,102,1.12965200,12.34545830,nan
HARRIS,BRIEF,10,248,16.19542900,1.96616000,83,1.27436000,12.14960324,nan
HARRIS,BRIEF,11,147,12.99779100,1.55528300,115,1.55313300,11.54790781,nan
HARRIS,BRIEF,12,168,13.48011500,1.68217300,105,1.03535000,10.07826007,nan
HARRIS,BRIEF,13,181,13.77201000,1.79446200,104,1.28559800,9.20565887,nan
HARRIS,BRIEF,14,144,13.39608700,1.69286300,102,1.18112900,9.54236248,nan
HARRIS,BRIEF,15,243,15.87195900,2.17294000,93,1.36030300,8.39156690,nan
HARRIS,BRIEF,16,213,14.92580000,1.97122800,138,1.85247300,8.88653053,6.63759610
HARRIS,BRIEF,17,126,12.15321600,1.43709500,107,1.15728300,11.04299793,nan

HARRIS,ORB,0,115,12.77612400,1.83584900,0,0.00000000,0.00000000,0.00000000
HARRIS,ORB,1,209,14.45734100,1.93504800,73,1.03072900,12.29943227,nan
HARRIS,ORB,2,114,12.27576300,1.81395600,75,1.07587600,12.98777737,nan
HARRIS,ORB,3,178,13.52606300,1.96607000,71,0.96684800,17.26938871,nan
HARRIS,ORB,4,250,18.70485400,2.04766600,91,1.65114800,13.79866612,11.65187400
HARRIS,ORB,5,241,18.15243900,1.99046800,131,2.06843800,12.85564709,18.66877689
HARRIS,ORB,6,259,19.01451700,2.03473300,121,2.10188600,13.34054193,nan
HARRIS,ORB,7,272,19.74732800,2.10911900,136,2.29980600,14.45731022,12.27923446
HARRIS,ORB,8,193,17.07445500,2.00686800,123,1.90749500,13.13016586,10.71005474
HARRIS,ORB,9,129,15.70279100,1.85341300,86,1.09368300,12.34545830,nan
HARRIS,ORB,10,248,19.04692000,2.03707700,74,1.26456400,12.14960324,nan
HARRIS,ORB,11,147,16.19854400,1.88356500,105,1.50462900,11.54790781,nan
HARRIS,ORB,12,168,16.40701100,2.06182400,89,1.15420200,10.07826007,nan
HARRIS,ORB,13,181,16.65884900,1.93273900,89,1.26875300,9.20565887,nan
HARRIS,ORB,14,144,16.33577900,1.93357400,93,1.18256700,9.54236248,nan
HARRIS,ORB,15,243,19.38125800,2.04737200,79,1.46780400,8.39156690,nan
HARRIS,ORB,16,213,18.61300400,1.99323100,115,1.81797900,8.88653053,nan
HARRIS,ORB,17,126,16.97150500,1.80896300,85,1.15768200,11.04299793,nan

HARRIS,FREAK,0,115,15.46827500,41.06257300,0,0.00000000,0.00000000,0.00000000
HARRIS,FREAK,1,209,17.57372600,41.77294800,55,1.68841600,12.29943227,nan
HARRIS,FREAK,2,114,15.39097900,41.13007800,67,1.75891300,12.98777737,nan
HARRIS,FREAK,3,178,16.78311200,42.41175200,52,1.53396400,17.26938871,nan
HARRIS,FREAK,4,250,19.10697100,42.74338000,64,2.85043500,13.79866612,nan
HARRIS,FREAK,5,241,18.09710100,42.18878400,90,3.53445400,12.85564709,nan
HARRIS,FREAK,6,259,19.61482100,42.41708400,87,3.63289400,13.34054193,nan
HARRIS,FREAK,7,272,19.69535000,42.89746500,101,4.11215900,14.45731022,nan
HARRIS,FREAK,8,193,16.83717400,42.12351600,81,3.69088700,13.13016586,13.57041570
HARRIS,FREAK,9,129,15.82954700,42.01014900,62,1.80991200,12.34545830,nan
HARRIS,FREAK,10,248,19.12293700,42.50050400,50,2.14058100,12.14960324,nan
HARRIS,FREAK,11,147,15.99711200,41.79267700,77,2.47940600,11.54790781,nan
HARRIS,FREAK,12,168,16.49635500,41.90299700,64,1.73026300,10.07826007,nan
HARRIS,FREAK,13,181,16.82422000,42.06217600,66,2.11448400,9.20565887,nan
HARRIS,FREAK,14,144,15.66433900,41.41154100,68,2.00225800,9.54236248,nan
HARRIS,FREAK,15,243,18.94407600,42.18131500,59,2.38848700,8.39156690,nan
HARRIS,FREAK,16,213,18.51145500,41.69406800,83,3.25149300,8.88653053,nan
HARRIS,FREAK,17,126,18.08014900,40.27531000,57,1.85363900,11.04299793,nan

HARRIS,AKAZE,0,0,0.00000000,0.00000000,0,0.00000000,0.00000000,0.00000000
HARRIS,AKAZE,1,0,0.00000000,0.00000000,0,0.00000000,0.00000000,0.00000000
HARRIS,AKAZE,2,0,0.00000000,0.00000000,0,0.00000000,0.00000000,0.00000000
HARRIS,AKAZE,3,0,0.00000000,0.00000000,0,0.00000000,0.00000000,0.00000000
HARRIS,AKAZE,4,0,0.00000000,0.00000000,0,0.00000000,0.00000000,1726347346919784596218595979484941815920177203742450248701171473325086629857703513723909799164355262607234751553172250703718075200217662729374106842734450926102772184259787656229842430088249594240322340007579275853971610510853021565816286478336.00000000
HARRIS,AKAZE,5,0,0.00000000,0.00000000,0,0.00000000,0.00000000,78923505847451519368150794087956480.00000000
HARRIS,AKAZE,6,0,0.00000000,0.00000000,0,0.00000000,0.00000000,42451022239132593821440808235492530101484619384870697940200026967523770380659019186149598058762252810710399673407962352053728479043228708020109607026538761175637082850407219200.00000000
HARRIS,AKAZE,7,0,0.00000000,0.00000000,0,0.00000000,0.00000000,4251005171854987222490061758896760859931977203737508294106761003003752899904578357821186104635271107542198943109985430542680305572214127338820579886126116552553950781154691884852883105599725004072826521717419699115956386001846272.00000000
HARRIS,AKAZE,8,0,0.00000000,0.00000000,0,0.00000000,0.00000000,0.00000000
HARRIS,AKAZE,9,0,0.00000000,0.00000000,0,0.00000000,0.00000000,0.00000000
HARRIS,AKAZE,10,0,0.00000000,0.00000000,0,0.00000000,0.00000000,5285614496162831971717956274206937323440481328937256480958922330248678709689218633860112178131343192334108812580986745737728268629247395958066307983254394192247918343213536598032384.00000000
HARRIS,AKAZE,11,0,0.00000000,0.00000000,0,0.00000000,0.00000000,257382701426205473290748461812813868344019749007371145206014185196144538222589374640355913423277825384343465416585780640020648120318179633607517618644388805432017684437416277378571698176.00000000
HARRIS,AKAZE,12,0,0.00000000,0.00000000,0,0.00000000,0.00000000,0.00000000
HARRIS,AKAZE,13,0,0.00000000,0.00000000,0,0.00000000,0.00000000,0.00000000
HARRIS,AKAZE,14,0,0.00000000,0.00000000,0,0.00000000,0.00000000,0.00000000
HARRIS,AKAZE,15,0,0.00000000,0.00000000,0,0.00000000,0.00000000,0.00000000
HARRIS,AKAZE,16,0,0.00000000,0.00000000,0,0.00000000,0.00000000,0.00000000
HARRIS,AKAZE,17,0,0.00000000,0.00000000,0,0.00000000,0.00000000,0.00000000

HARRIS,SIFT,0,115,15.36025900,21.90044400,0,0.00000000,0.00000000,0.00000000
HARRIS,SIFT,1,209,17.40497300,26.98261300,98,1.53422000,12.29943227,nan
HARRIS,SIFT,2,114,15.75796700,22.15716300,120,1.55771800,12.98777737,10.58599631
HARRIS,SIFT,3,178,16.73935500,25.95479400,104,1.37076000,17.26938871,-11.47314563
HARRIS,SIFT,4,250,18.56938500,30.72697500,147,2.49356200,13.79866612,12.62898292
HARRIS,SIFT,5,241,18.31192400,29.52261400,200,3.11038900,12.85564709,13.64320586
HARRIS,SIFT,6,259,19.35295700,30.81588900,196,3.20283100,13.34054193,12.99448920
HARRIS,SIFT,7,272,20.18856200,31.61892000,202,3.57665500,14.45731022,12.20000000
HARRIS,SIFT,8,193,17.30519100,27.06690700,192,2.76839200,13.13016586,11.72412388
HARRIS,SIFT,9,129,15.80461000,23.17847100,123,1.58148200,12.34545830,nan
HARRIS,SIFT,10,248,18.89786100,29.58722100,117,1.94348800,12.14960324,nan
HARRIS,SIFT,11,147,18.09167900,24.40431700,148,2.13711000,11.54790781,nan
HARRIS,SIFT,12,168,16.95145300,25.14660000,120,1.59069000,10.07826007,nan
HARRIS,SIFT,13,181,16.72452500,26.27225800,137,1.81538800,9.20565887,13.35505098
HARRIS,SIFT,14,144,15.76079700,23.98831300,138,1.66447100,9.54236248,nan
HARRIS,SIFT,15,243,19.47725100,31.57924000,127,2.22999800,8.39156690,nan
HARRIS,SIFT,16,213,18.82487000,28.73154700,188,2.88714800,8.88653053,6.60338365
HARRIS,SIFT,17,126,17.55101300,22.85354700,127,2.26835100,11.04299793,nan

FAST,BRISK,0,5275,2.59602400,50.24900000,0,0.00000000,0.00000000,0.00000000
FAST,BRISK,1,5291,2.43396100,50.36729900,1596,1387.28202600,12.29943227,13.66249240
FAST,BRISK,2,5202,2.42919000,49.05629200,1564,1360.87594300,12.98777737,13.13549770
FAST,BRISK,3,5090,2.41735100,48.58358700,1563,1314.83620200,17.26938871,13.43158999
FAST,BRISK,4,5118,2.39739700,48.39080600,1467,1294.27251400,13.79866612,11.13927933
FAST,BRISK,5,5180,2.48388700,48.42362900,1589,1299.29752300,12.85564709,12.40080323
FAST,BRISK,6,5192,2.43343800,49.16375500,1505,1308.51052200,13.34054193,11.99321718
FAST,BRISK,7,5177,2.44466200,49.41604800,1393,1324.02409800,14.45731022,14.11841561
FAST,BRISK,8,5176,2.64076000,50.10305800,1514,1327.86733100,13.13016586,10.85024684
FAST,BRISK,9,5225,2.54121900,49.75331700,1446,1330.38980100,12.34545830,11.38640617
FAST,BRISK,10,5331,2.54333100,50.97955100,1424,1363.90881000,12.14960324,12.32782493
FAST,BRISK,11,5351,2.59455700,51.06432000,1516,1408.16057400,11.54790781,8.29889411
FAST,BRISK,12,5244,2.51985600,49.79073300,1499,1391.62114700,10.07826007,14.09779161
FAST,BRISK,13,5231,2.45492300,51.56160100,1475,1363.16331500,9.20565887,13.15407143
FAST,BRISK,14,5286,4.20211800,52.11874100,1530,1376.00420100,9.54236248,13.02703099
FAST,BRISK,15,5464,2.59413100,52.49703400,1658,1470.24475500,8.39156690,13.71163652
FAST,BRISK,16,5464,2.54814500,52.58113500,1741,1488.01335400,8.88653053,11.61469744
FAST,BRISK,17,5563,2.51544700,53.96777600,1834,1517.18397300,11.04299793,7.98846451

FAST,BRIEF,0,5275,2.39632200,16.59007200,0,0.00000000,0.00000000,0.00000000
FAST,BRIEF,1,5291,2.53642300,16.52194100,2139,627.27836500,12.29943227,7.84072795
FAST,BRIEF,2,5202,2.36136800,16.62711100,2122,624.37602600,12.98777737,12.66666387
FAST,BRIEF,3,5090,2.41045500,16.10422200,2128,603.22394700,17.26938871,13.18179487
FAST,BRIEF,4,5118,2.52389800,16.49200700,2070,599.03929600,13.79866612,11.94100490
FAST,BRIEF,5,5180,2.53950800,15.94475900,2150,598.30155900,12.85564709,13.07814965
FAST,BRIEF,6,5192,2.41225500,15.75250000,2060,591.98072300,13.34054193,13.05756136
FAST,BRIEF,7,5177,2.55622200,16.03608500,2010,596.46633800,14.45731022,12.10082306
FAST,BRIEF,8,5176,2.50238200,18.02906800,2032,597.68648100,13.13016586,12.82882686
FAST,BRIEF,9,5225,2.49847800,16.19746900,2030,597.48491900,12.34545830,12.63873578
FAST,BRIEF,10,5331,2.56139500,16.95605400,2016,613.95253200,12.14960324,11.22189533
FAST,BRIEF,11,5351,2.55640400,16.21723700,2104,626.58240900,11.54790781,11.63614263
FAST,BRIEF,12,5244,2.45475400,16.09118400,2161,618.79037200,10.07826007,12.66213856
FAST,BRIEF,13,5231,2.53023000,16.32953500,2102,600.73672800,9.20565887,11.04368328
FAST,BRIEF,14,5286,2.48200300,16.53609200,2211,600.84104000,9.54236248,10.79302525
FAST,BRIEF,15,5464,2.49206000,16.72740100,2222,632.44362500,8.39156690,9.90402020
FAST,BRIEF,16,5464,2.56831700,16.45498900,2278,650.47628200,8.88653053,8.87284907
FAST,BRIEF,17,5563,2.60556300,17.72865100,2314,659.17973100,11.04299793,11.16768068

FAST,ORB,0,5275,2.46553300,8.72393500,0,0.00000000,0.00000000,0.00000000
FAST,ORB,1,5291,2.48923400,8.66475800,1792,608.57507700,12.29943227,13.46294241
FAST,ORB,2,5202,2.47097000,8.51948300,1794,606.48645500,12.98777737,16.92471347
FAST,ORB,3,5090,2.39179600,8.52827200,1777,594.11304800,17.26938871,12.80194545
FAST,ORB,4,5118,2.49663100,8.80248100,1724,591.84619800,13.79866612,10.88762857
FAST,ORB,5,5180,2.39680400,8.53546100,1792,581.06997900,12.85564709,11.81974646
FAST,ORB,6,5192,2.48211500,8.42341400,1806,577.54978200,13.34054193,12.07500043
FAST,ORB,7,5177,2.51661700,8.35190500,1668,571.40174300,14.45731022,12.37162962
FAST,ORB,8,5176,2.58489600,8.26737500,1796,569.51618200,13.13016586,11.37136702
FAST,ORB,9,5225,2.45662800,8.54612100,1745,579.59170700,12.34545830,12.82801599
FAST,ORB,10,5331,2.51944000,8.75773200,1735,591.72269800,12.14960324,13.73563683
FAST,ORB,11,5351,2.46960700,8.70561400,1782,606.12852900,11.54790781,13.12916253
FAST,ORB,12,5244,2.37829400,8.83624500,1828,601.33046700,10.07826007,12.55736578
FAST,ORB,13,5231,2.40083000,8.56002200,1759,586.53907300,9.20565887,12.20844585
FAST,ORB,14,5286,2.51465200,8.49594800,1815,581.21279400,9.54236248,11.81099015
FAST,ORB,15,5464,2.47780400,9.27538700,1910,606.51007600,8.39156690,8.75591375
FAST,ORB,16,5464,2.58160000,8.70770300,1986,642.27942400,8.88653053,11.64368365
FAST,ORB,17,5563,2.53106500,8.78164600,1974,629.75810400,11.04299793,11.13927933

FAST,FREAK,0,5275,2.39746700,80.30213300,0,0.00000000,0.00000000,0.00000000
FAST,FREAK,1,5291,2.35813100,83.08478100,1198,1251.39887500,12.29943227,13.49414776
FAST,FREAK,2,5202,2.51758500,79.65459900,1226,1226.29057300,12.98777737,14.48070514
FAST,FREAK,3,5090,2.47593800,79.07770300,1192,1225.91457900,17.26938871,14.60816663
FAST,FREAK,4,5118,2.42100000,78.97037800,1168,1184.00087900,13.79866612,14.09960410
FAST,FREAK,5,5180,2.41443800,80.50328100,1236,1178.19634300,12.85564709,12.30728757
FAST,FREAK,6,5192,2.55728700,80.14313000,1121,1180.91218800,13.34054193,12.49697817
FAST,FREAK,7,5177,2.46083800,79.06884400,1073,1171.22283600,14.45731022,11.95360529
FAST,FREAK,8,5176,2.43995800,79.65911500,1213,1174.59280400,13.13016586,12.28518827
FAST,FREAK,9,5225,2.47922500,80.63733400,1124,1190.24165100,12.34545830,12.65731674
FAST,FREAK,10,5331,2.55505200,80.59892400,1085,1226.82170700,12.14960324,12.22757415
FAST,FREAK,11,5351,3.03725100,83.70368600,1236,1254.23383900,11.54790781,12.80361157
FAST,FREAK,12,5244,2.61917100,81.94220700,1204,1238.19814400,10.07826007,13.99091286
FAST,FREAK,13,5231,2.63123900,80.36201800,1149,1209.38532200,9.20565887,-0.46194514
FAST,FREAK,14,5286,2.59845000,81.37407500,1174,1219.16311700,9.54236248,14.14474173
FAST,FREAK,15,5464,2.54008000,83.17151600,1257,1256.67662400,8.39156690,7.43895189
FAST,FREAK,16,5464,2.48708200,82.38465100,1315,1299.99321900,8.88653053,11.07557304
FAST,FREAK,17,5563,2.56707900,83.39835500,1301,1316.54546100,11.04299793,7.50421451

FAST,AKAZE,0,0,0.00000000,0.00000000,0,0.00000000,0.00000000,0.00000000
FAST,AKAZE,1,0,0.00000000,0.00000000,0,0.00000000,0.00000000,0.00000000
FAST,AKAZE,2,0,0.00000000,0.00000000,0,0.00000000,0.00000000,0.00000000
FAST,AKAZE,3,0,0.00000000,0.00000000,0,0.00000000,0.00000000,0.00000000
FAST,AKAZE,4,0,0.00000000,0.00000000,0,0.00000000,0.00000000,1726347346919784596218595979484941815920177203742450248701171473325086629857703513723909799164355262607234751553172250703718075200217662729374106842734450926102772184259787656229842430088249594240322340007579275853971610510853021565816286478336.00000000
FAST,AKAZE,5,0,0.00000000,0.00000000,0,0.00000000,0.00000000,78923505847451519368150794087956480.00000000
FAST,AKAZE,6,0,0.00000000,0.00000000,0,0.00000000,0.00000000,42451022239132593821440808235492530101484619384870697940200026967523770380659019186149598058762252810710399673407962352053728479043228708020109607026538761175637082850407219200.00000000
FAST,AKAZE,7,0,0.00000000,0.00000000,0,0.00000000,0.00000000,4251005171854987222490061758896760859931977203737508294106761003003752899904578357821186104635271107542198943109985430542680305572214127338820579886126116552553950781154691884852883105599725004072826521717419699115956386001846272.00000000
FAST,AKAZE,8,0,0.00000000,0.00000000,0,0.00000000,0.00000000,0.00000000
FAST,AKAZE,9,0,0.00000000,0.00000000,0,0.00000000,0.00000000,0.00000000
FAST,AKAZE,10,0,0.00000000,0.00000000,0,0.00000000,0.00000000,5285614496162831971717956274206937323440481328937256480958922330248678709689218633860112178131343192334108812580986745737728268629247395958066307983254394192247918343213536598032384.00000000
FAST,AKAZE,11,0,0.00000000,0.00000000,0,0.00000000,0.00000000,257382701426205473290748461812813868344019749007371145206014185196144538222589374640355913423277825384343465416585780640020648120318179633607517618644388805432017684437416277378571698176.00000000
FAST,AKAZE,12,0,0.00000000,0.00000000,0,0.00000000,0.00000000,0.00000000
FAST,AKAZE,13,0,0.00000000,0.00000000,0,0.00000000,0.00000000,0.00000000
FAST,AKAZE,14,0,0.00000000,0.00000000,0,0.00000000,0.00000000,0.00000000
FAST,AKAZE,15,0,0.00000000,0.00000000,0,0.00000000,0.00000000,0.00000000
FAST,AKAZE,16,0,0.00000000,0.00000000,0,0.00000000,0.00000000,0.00000000
FAST,AKAZE,17,0,0.00000000,0.00000000,0,0.00000000,0.00000000,0.00000000

FAST,SIFT,0,5275,2.99271300,437.31165000,0,0.00000000,0.00000000,0.00000000
FAST,SIFT,1,5291,2.55040400,430.53837400,3457,1200.38963100,12.29943227,12.49469867
FAST,SIFT,2,5202,2.52479000,424.41230200,3422,1181.38834200,12.98777737,12.34528218
FAST,SIFT,3,5090,2.36376900,417.05596000,3313,1132.29813700,17.26938871,13.23020391
FAST,SIFT,4,5118,2.50766500,422.77913400,3308,1119.34917200,13.79866612,12.94862190
FAST,SIFT,5,5180,2.51359500,418.97718000,3376,1135.75241800,12.85564709,12.06715479
FAST,SIFT,6,5192,2.37688900,422.05981100,3412,1143.78541900,13.34054193,12.39797730
FAST,SIFT,7,5177,2.42247900,418.03166300,3330,1148.33808200,14.45731022,13.12240802
FAST,SIFT,8,5176,2.54088600,421.00891400,3343,1143.30839900,13.13016586,13.22717020
FAST,SIFT,9,5225,2.61553400,423.59823600,3357,1162.93920500,12.34545830,13.47900614
FAST,SIFT,10,5331,2.53202400,433.48331100,3394,1187.39083100,12.14960324,12.93352838
FAST,SIFT,11,5351,2.48027200,432.15444300,3337,1226.75081300,11.54790781,12.34227138
FAST,SIFT,12,5244,2.50212800,425.94347600,3389,1199.49399300,10.07826007,11.92212128
FAST,SIFT,13,5231,2.49918000,428.70672500,3356,1174.30381500,9.20565887,13.16509208
FAST,SIFT,14,5286,2.45208500,427.30519800,3477,1179.11913200,9.54236248,11.55556236
FAST,SIFT,15,5464,2.52341900,446.30034500,3543,1232.13560100,8.39156690,11.28140728
FAST,SIFT,16,5464,2.50072700,446.37140400,3627,1288.11908800,8.88653053,10.60274151
FAST,SIFT,17,5563,2.57655600,454.35579900,3627,1308.39491300,11.04299793,10.69456732

BRISK,BRISK,0,2896,375.02344200,31.60691700,0,0.00000000,0.00000000,0.00000000
BRISK,BRISK,1,3000,371.55785900,32.24480800,1162,480.88578500,12.29943227,47.98461015
BRISK,BRISK,2,2974,382.03051400,32.05298700,1202,494.55331400,12.98777737,20.31187487
BRISK,BRISK,3,2953,369.14287900,31.39217400,1185,487.14826400,17.26938871,11.53690832
BRISK,BRISK,4,2855,370.36673400,30.60471900,1100,467.07833600,13.79866612,12.33758876
BRISK,BRISK,5,2906,370.28508200,31.69647600,1133,462.33067300,12.85564709,18.58784390
BRISK,BRISK,6,2886,369.88623000,30.69520000,1111,465.98230300,13.34054193,12.74446942
BRISK,BRISK,7,2886,370.95079900,31.16873400,1072,462.75900500,14.45731022,16.76589344
BRISK,BRISK,8,2893,368.83694800,31.57825500,1101,463.15468300,13.13016586,14.49012614
BRISK,BRISK,9,2930,374.71864300,30.80101600,1085,470.31772100,12.34545830,16.66496478
BRISK,BRISK,10,3022,371.81121500,32.58298100,1091,492.06607500,12.14960324,13.07060723
BRISK,BRISK,11,3013,374.59445600,32.54112600,1145,506.03732200,11.54790781,18.89296159
BRISK,BRISK,12,2949,375.54969500,32.28005300,1164,492.79723600,10.07826007,13.50570625
BRISK,BRISK,13,3012,376.71483900,32.70884500,1145,491.60114500,9.20565887,12.05676400
BRISK,BRISK,14,3026,372.89540900,32.93753800,1163,503.84844800,9.54236248,26.47512133
BRISK,BRISK,15,3074,374.17514700,32.74880600,1242,514.48444600,8.39156690,11.46574683
BRISK,BRISK,16,3131,375.28860800,34.31477100,1225,535.76516000,8.88653053,7.83270067
BRISK,BRISK,17,3135,374.87658500,33.49984500,1255,545.92695700,11.04299793,10.03583710

BRISK,BRIEF,0,2896,368.91940100,11.15924100,0,0.00000000,0.00000000,0.00000000
BRISK,BRIEF,1,3000,372.13959300,11.43522300,1168,250.42312700,12.29943227,12.84827968
BRISK,BRIEF,2,2974,373.08175700,11.88663000,1220,259.27861700,12.98777737,12.67351917
BRISK,BRIEF,3,2953,369.71191100,10.99931100,1285,252.08805500,17.26938871,13.34498829
BRISK,BRIEF,4,2855,370.01467800,10.97025100,1223,242.47761700,13.79866612,13.15277856
BRISK,BRIEF,5,2906,369.45464600,10.67214300,1232,237.69006400,12.85564709,12.17376283
BRISK,BRIEF,6,2886,369.05449400,11.10525100,1232,240.83450700,13.34054193,15.20668426
BRISK,BRIEF,7,2886,371.29071600,10.79503200,1213,241.02002700,14.45731022,7.20990617
BRISK,BRIEF,8,2893,372.09074300,11.09941900,1216,241.46570600,13.13016586,26.83706418
BRISK,BRIEF,9,2930,370.54715300,11.18342500,1251,245.18120400,12.34545830,20.88826293
BRISK,BRIEF,10,3022,374.41375400,12.52848200,1222,255.79296400,12.14960324,10.43607610
BRISK,BRIEF,11,3013,375.24373400,11.72453000,1228,262.33148300,11.54790781,9.83933402
BRISK,BRIEF,12,2949,372.39652600,11.03482100,1247,254.98119800,10.07826007,12.60278923
BRISK,BRIEF,13,3012,379.57293100,11.99492300,1230,255.93422500,9.20565887,13.42946725
BRISK,BRIEF,14,3026,383.55186600,12.21027100,1288,262.89184800,9.54236248,11.01138087
BRISK,BRIEF,15,3074,376.99193200,11.78530700,1349,265.65631700,8.39156690,8.86322027
BRISK,BRIEF,16,3131,375.82249700,12.33535300,1274,276.47691800,8.88653053,10.95181260
BRISK,BRIEF,17,3135,376.13900200,11.51816800,1348,280.45127800,11.04299793,11.68823929

BRISK,ORB,0,2896,372.78696300,10.73402300,0,0.00000000,0.00000000,0.00000000
BRISK,ORB,1,3000,371.31136300,10.56220300,772,247.73186900,12.29943227,-38.58087717
BRISK,ORB,2,2974,372.24261800,10.69136400,742,253.58398400,12.98777737,19.77298941
BRISK,ORB,3,2953,370.65204300,10.64716500,802,250.46743200,17.26938871,11.91347273
BRISK,ORB,4,2855,368.44520300,10.41096500,742,239.96038200,13.79866612,17.84073203
BRISK,ORB,5,2906,370.01630100,10.19561300,776,235.51538800,12.85564709,17.09675849
BRISK,ORB,6,2886,378.71169700,10.53688200,741,238.11934400,13.34054193,20.63514191
BRISK,ORB,7,2886,378.18402200,10.22859300,723,235.18489500,14.45731022,18.44944293
BRISK,ORB,8,2893,371.17486900,10.40119900,717,239.17800100,13.13016586,15.53550250
BRISK,ORB,9,2930,372.55604500,10.39690000,699,241.77586200,12.34545830,15.58986913
BRISK,ORB,10,3022,374.87708700,10.77164300,726,252.93750800,12.14960324,9.21398772
BRISK,ORB,11,3013,372.14805400,10.49670900,750,256.96644300,11.54790781,6.73947750
BRISK,ORB,12,2949,369.97494600,10.54308500,761,250.20536700,10.07826007,21.15737682
BRISK,ORB,13,3012,371.11395500,10.53336300,734,248.64684500,9.20565887,14.61228132
BRISK,ORB,14,3026,372.15364300,10.45772800,770,254.19347500,9.54236248,22.71748226
BRISK,ORB,15,3074,373.41632400,11.02976400,761,260.45072000,8.39156690,9.28503523
BRISK,ORB,16,3131,374.40072600,10.76078300,779,267.42368700,8.88653053,19.13327103
BRISK,ORB,17,3135,372.96526500,10.56174600,839,275.42034800,11.04299793,11.77619887

BRISK,FREAK,0,2896,369.37909000,63.97524800,0,0.00000000,0.00000000,0.00000000
BRISK,FREAK,1,3000,368.68473600,63.32500100,907,328.53358000,12.29943227,10.70504916
BRISK,FREAK,2,2974,371.27511000,63.84848900,922,341.11559000,12.98777737,24.42460089
BRISK,FREAK,3,2953,372.30816300,63.87613900,960,337.50266100,17.26938871,9.75809754
BRISK,FREAK,4,2855,371.34850600,63.53299200,909,328.58817900,13.79866612,16.97924364
BRISK,FREAK,5,2906,368.33709200,62.93073400,918,324.98594000,12.85564709,19.12193942
BRISK,FREAK,6,2886,375.35698900,63.20891200,893,330.14881000,13.34054193,13.50787151
BRISK,FREAK,7,2886,374.23068200,65.04383800,824,328.56419800,14.45731022,8.54029417
BRISK,FREAK,8,2893,371.93276300,65.19019900,889,322.96979500,13.13016586,19.15019716
BRISK,FREAK,9,2930,370.86887700,63.76962000,873,326.26045500,12.34545830,14.79886957
BRISK,FREAK,10,3022,371.41699400,63.94599500,854,335.37492200,12.14960324,10.26242581
BRISK,FREAK,11,3013,379.01130000,65.45812700,877,342.36750900,11.54790781,12.68091267
BRISK,FREAK,12,2949,374.76779500,64.80886500,879,329.56775000,10.07826007,8.39937464
BRISK,FREAK,13,3012,379.34708800,65.27513900,864,324.83151100,9.20565887,14.31027646
BRISK,FREAK,14,3026,377.55346100,65.34877900,876,331.26938300,9.54236248,10.49725216
BRISK,FREAK,15,3074,377.65915900,65.15160200,943,340.21126800,8.39156690,13.27818654
BRISK,FREAK,16,3131,375.39631200,65.81937800,900,356.74762200,8.88653053,13.88650006
BRISK,FREAK,17,3135,376.38712500,65.34434000,1001,367.29323200,11.04299793,10.99944196

BRISK,AKAZE,0,0,0.00000000,0.00000000,0,0.00000000,0.00000000,0.00000000
BRISK,AKAZE,1,0,0.00000000,0.00000000,0,0.00000000,0.00000000,0.00000000
BRISK,AKAZE,2,0,0.00000000,0.00000000,0,0.00000000,0.00000000,0.00000000
BRISK,AKAZE,3,0,0.00000000,0.00000000,0,0.00000000,0.00000000,0.00000000
BRISK,AKAZE,4,0,0.00000000,0.00000000,0,0.00000000,0.00000000,1726347346919784596218595979484941815920177203742450248701171473325086629857703513723909799164355262607234751553172250703718075200217662729374106842734450926102772184259787656229842430088249594240322340007579275853971610510853021565816286478336.00000000
BRISK,AKAZE,5,0,0.00000000,0.00000000,0,0.00000000,0.00000000,78923505847451519368150794087956480.00000000
BRISK,AKAZE,6,0,0.00000000,0.00000000,0,0.00000000,0.00000000,42451022239132593821440808235492530101484619384870697940200026967523770380659019186149598058762252810710399673407962352053728479043228708020109607026538761175637082850407219200.00000000
BRISK,AKAZE,7,0,0.00000000,0.00000000,0,0.00000000,0.00000000,4251005171854987222490061758896760859931977203737508294106761003003752899904578357821186104635271107542198943109985430542680305572214127338820579886126116552553950781154691884852883105599725004072826521717419699115956386001846272.00000000
BRISK,AKAZE,8,0,0.00000000,0.00000000,0,0.00000000,0.00000000,0.00000000
BRISK,AKAZE,9,0,0.00000000,0.00000000,0,0.00000000,0.00000000,0.00000000
BRISK,AKAZE,10,0,0.00000000,0.00000000,0,0.00000000,0.00000000,5285614496162831971717956274206937323440481328937256480958922330248678709689218633860112178131343192334108812580986745737728268629247395958066307983254394192247918343213536598032384.00000000
BRISK,AKAZE,11,0,0.00000000,0.00000000,0,0.00000000,0.00000000,257382701426205473290748461812813868344019749007371145206014185196144538222589374640355913423277825384343465416585780640020648120318179633607517618644388805432017684437416277378571698176.00000000
BRISK,AKAZE,12,0,0.00000000,0.00000000,0,0.00000000,0.00000000,0.00000000
BRISK,AKAZE,13,0,0.00000000,0.00000000,0,0.00000000,0.00000000,0.00000000
BRISK,AKAZE,14,0,0.00000000,0.00000000,0,0.00000000,0.00000000,0.00000000
BRISK,AKAZE,15,0,0.00000000,0.00000000,0,0.00000000,0.00000000,0.00000000
BRISK,AKAZE,16,0,0.00000000,0.00000000,0,0.00000000,0.00000000,0.00000000
BRISK,AKAZE,17,0,0.00000000,0.00000000,0,0.00000000,0.00000000,0.00000000

BRISK,SIFT,0,2896,377.33847100,534.15448400,0,0.00000000,0.00000000,0.00000000
BRISK,SIFT,1,3000,371.43376700,540.91255300,1740,371.06889300,12.29943227,13.86785897
BRISK,SIFT,2,2974,376.04505300,531.73377000,1774,380.79072000,12.98777737,17.99530099
BRISK,SIFT,3,2953,372.06181800,542.01246600,1780,376.11827300,17.26938871,14.53125446
BRISK,SIFT,4,2855,369.34892300,525.04806600,1756,365.61223500,13.79866612,15.08512084
BRISK,SIFT,5,2906,370.62088200,527.26457000,1718,357.77741300,12.85564709,33.57216202
BRISK,SIFT,6,2886,374.19987800,529.64980500,1704,365.84151800,13.34054193,19.63364560
BRISK,SIFT,7,2886,381.77591000,523.80214000,1698,362.57010600,14.45731022,15.23483975
BRISK,SIFT,8,2893,371.40644000,512.11041100,1669,357.04862400,13.13016586,14.66252785
BRISK,SIFT,9,2930,370.12735700,520.65160200,1682,362.20123900,12.34545830,13.64704786
BRISK,SIFT,10,3022,369.75911800,527.81545500,1712,377.24844900,12.14960324,11.60972298
BRISK,SIFT,11,3013,372.73687200,541.12894000,1751,388.55158000,11.54790781,12.73054437
BRISK,SIFT,12,2949,372.67615300,523.89822300,1716,378.77028000,10.07826007,11.02397687
BRISK,SIFT,13,3012,370.37994800,529.23030200,1773,379.06327200,9.20565887,11.17743626
BRISK,SIFT,14,3026,382.28321700,524.94856300,1715,393.77835800,9.54236248,10.22000314
BRISK,SIFT,15,3074,375.48588100,537.00190500,1801,397.32143900,8.39156690,10.15808163
BRISK,SIFT,16,3131,374.53237800,561.14605800,1820,409.22723800,8.88653053,14.94174949
BRISK,SIFT,17,3135,376.13659800,562.96342900,1872,420.40902400,11.04299793,11.12325070

ORB,BRISK,0,500,8.57876500,5.57334000,0,0.00000000,0.00000000,0.00000000
ORB,BRISK,1,500,8.94884300,5.49794900,259,8.90763200,12.29943227,10.41680790
ORB,BRISK,2,500,8.69185100,5.98572200,240,9.01169300,12.98777737,21.83884548
ORB,BRISK,3,500,8.92402100,5.79033600,270,9.42725800,17.26938871,66.41888934
ORB,BRISK,4,500,8.47938200,5.49180100,248,9.05153100,13.79866612,10.94484815
ORB,BRISK,5,500,8.52636100,5.68528500,279,9.41277800,12.85564709,-inf
ORB,BRISK,6,500,8.73051800,5.89579600,276,9.69000600,13.34054193,nan
ORB,BRISK,7,500,8.93946400,5.69941000,278,9.87898800,14.45731022,nan
ORB,BRISK,8,500,8.95827000,5.56740600,281,9.79608200,13.13016586,nan
ORB,BRISK,9,500,8.78739900,5.58605600,270,9.62090100,12.34545830,nan
ORB,BRISK,10,500,8.97514100,5.68189900,267,9.62299800,12.14960324,11.39559436
ORB,BRISK,11,500,8.75861300,5.56066300,274,9.93147400,11.54790781,-inf
ORB,BRISK,12,500,8.92825600,5.66861100,276,9.53430400,10.07826007,-inf
ORB,BRISK,13,500,8.70551500,5.42304100,279,9.33368500,9.20565887,-inf
ORB,BRISK,14,500,8.71429000,5.69885300,260,9.38660200,9.54236248,38.46614011
ORB,BRISK,15,500,9.04603600,5.58715100,284,9.55187800,8.39156690,-inf
ORB,BRISK,16,500,8.82758600,6.00061000,279,9.95677500,8.88653053,25.36837974
ORB,BRISK,17,500,8.90550500,5.89845700,269,10.26741100,11.04299793,19.64752836

ORB,BRIEF,0,500,8.54570200,2.92008900,0,0.00000000,0.00000000,0.00000000
ORB,BRIEF,1,500,8.65994300,3.11504900,198,7.84430300,12.29943227,9.46492741
ORB,BRIEF,2,500,8.80341800,3.01938300,204,7.83593200,12.98777737,9.57946968
ORB,BRIEF,3,500,8.49134600,3.15685300,200,7.88882100,17.26938871,9.99270054
ORB,BRIEF,4,500,8.72922500,2.96617700,173,7.77819500,13.79866612,nan
ORB,BRIEF,5,500,8.46875100,2.88401400,181,8.19119500,12.85564709,12.13778774
ORB,BRIEF,6,500,8.54872300,2.85914400,196,7.78075700,13.34054193,nan
ORB,BRIEF,7,500,8.60722600,2.95379700,198,7.81670500,14.45731022,9.67764071
ORB,BRIEF,8,500,8.73551000,3.11068000,183,7.83776200,13.13016586,-inf
ORB,BRIEF,9,500,8.67412700,2.84243600,187,7.85780800,12.34545830,-inf
ORB,BRIEF,10,500,8.79817400,2.82021500,190,7.86240900,12.14960324,39.09963720
ORB,BRIEF,11,500,8.71172000,2.87409900,182,7.83977600,11.54790781,21.39175007
ORB,BRIEF,12,500,8.87003100,3.06315000,187,7.83267100,10.07826007,nan
ORB,BRIEF,13,500,8.67525400,3.00328700,208,7.80711200,9.20565887,nan
ORB,BRIEF,14,500,8.81665000,2.98140500,208,7.97547000,9.54236248,6.79522335
ORB,BRIEF,15,500,9.08479500,3.05432200,205,7.90269700,8.39156690,14.18915579
ORB,BRIEF,16,500,8.80014400,2.97650500,156,7.88090500,8.88653053,11.08301256
ORB,BRIEF,17,500,8.68681600,2.93401300,180,7.75065900,11.04299793,11.51440326

ORB,ORB,0,500,8.46750200,6.88977600,0,0.00000000,0.00000000,0.00000000
ORB,ORB,1,500,8.50095900,6.75086300,204,7.85490900,12.29943227,17.57051238
ORB,ORB,2,500,8.41401200,6.76606100,210,8.03597100,12.98777737,-inf
ORB,ORB,3,500,8.95944500,6.79412700,199,7.95665800,17.26938871,24.79980808
ORB,ORB,4,500,8.55744300,7.07029200,220,7.94570100,13.79866612,8.12987208
ORB,ORB,5,500,8.38986200,6.63790900,213,7.92250000,12.85564709,-inf
ORB,ORB,6,500,8.76177100,7.11918500,223,7.96750500,13.34054193,nan
ORB,ORB,7,500,8.74544700,6.70938800,233,7.82236500,14.45731022,-inf
ORB,ORB,8,500,8.66134800,6.61571700,208,7.80285400,13.13016586,nan
ORB,ORB,9,500,8.90249100,6.72863000,201,7.90796600,12.34545830,-inf
ORB,ORB,10,500,8.73689600,6.69389800,192,7.86902400,12.14960324,-inf
ORB,ORB,11,500,8.79600900,6.87512700,219,8.10004700,11.54790781,13.11578591
ORB,ORB,12,500,8.80873500,6.78304800,210,7.93430400,10.07826007,-inf
ORB,ORB,13,500,8.63759800,6.79737600,197,7.91558600,9.20565887,-inf
ORB,ORB,14,500,8.79493100,6.88672500,229,7.88845500,9.54236248,-inf
ORB,ORB,15,500,8.80557100,6.63813000,233,7.89279400,8.39156690,-inf
ORB,ORB,16,500,8.70643500,6.75552100,199,7.88854200,8.88653053,30.63792063
ORB,ORB,17,500,8.63565900,6.59273000,219,7.82460500,11.04299793,30.25517657

ORB,FREAK,0,500,8.40684900,43.97586700,0,0.00000000,0.00000000,0.00000000
ORB,FREAK,1,500,8.53986100,44.32574200,84,1.81399600,12.29943227,11.37809139
ORB,FREAK,2,500,8.80187900,46.25501900,94,2.02935200,12.98777737,9.87936833
ORB,FREAK,3,500,8.45883800,44.62500100,102,2.15486300,17.26938871,9.11781443
ORB,FREAK,4,500,8.64224800,44.30503800,117,2.00116000,13.79866612,7.56648818
ORB,FREAK,5,500,8.63452000,45.33936600,88,2.05939900,12.85564709,nan
ORB,FREAK,6,500,9.08000000,45.20910800,108,2.19310000,13.34054193,6.58842874
ORB,FREAK,7,500,9.16748900,44.77576100,108,2.20364000,14.45731022,nan
ORB,FREAK,8,500,9.09341700,46.45438200,117,2.37331300,13.13016586,nan
ORB,FREAK,9,500,8.97130700,46.51313900,119,2.56471600,12.34545830,12.28885312
ORB,FREAK,10,500,8.78687100,44.27507400,108,2.44397700,12.14960324,8.60161052
ORB,FREAK,11,500,8.85361500,44.63124800,129,2.65701600,11.54790781,21.38937919
ORB,FREAK,12,500,8.82794900,44.87901400,128,2.47835200,10.07826007,nan
ORB,FREAK,13,500,8.85587900,44.64212000,116,2.31214200,9.20565887,nan
ORB,FREAK,14,500,8.78237500,44.16053400,125,2.41725200,9.54236248,7.79438520
ORB,FREAK,15,500,8.65303100,44.55677700,136,2.54002800,8.39156690,nan
ORB,FREAK,16,500,9.03326500,45.06304100,114,2.42613600,8.88653053,14.80157844
ORB,FREAK,17,500,8.72640900,44.48259200,112,2.49620500,11.04299793,nan

ORB,AKAZE,0,0,0.00000000,0.00000000,0,0.00000000,0.00000000,0.00000000
ORB,AKAZE,1,0,0.00000000,0.00000000,0,0.00000000,0.00000000,0.00000000
ORB,AKAZE,2,0,0.00000000,0.00000000,0,0.00000000,0.00000000,0.00000000
ORB,AKAZE,3,0,0.00000000,0.00000000,0,0.00000000,0.00000000,0.00000000
ORB,AKAZE,4,0,0.00000000,0.00000000,0,0.00000000,0.00000000,1726347346919784596218595979484941815920177203742450248701171473325086629857703513723909799164355262607234751553172250703718075200217662729374106842734450926102772184259787656229842430088249594240322340007579275853971610510853021565816286478336.00000000
ORB,AKAZE,5,0,0.00000000,0.00000000,0,0.00000000,0.00000000,78923505847451519368150794087956480.00000000
ORB,AKAZE,6,0,0.00000000,0.00000000,0,0.00000000,0.00000000,42451022239132593821440808235492530101484619384870697940200026967523770380659019186149598058762252810710399673407962352053728479043228708020109607026538761175637082850407219200.00000000
ORB,AKAZE,7,0,0.00000000,0.00000000,0,0.00000000,0.00000000,4251005171854987222490061758896760859931977203737508294106761003003752899904578357821186104635271107542198943109985430542680305572214127338820579886126116552553950781154691884852883105599725004072826521717419699115956386001846272.00000000
ORB,AKAZE,8,0,0.00000000,0.00000000,0,0.00000000,0.00000000,0.00000000
ORB,AKAZE,9,0,0.00000000,0.00000000,0,0.00000000,0.00000000,0.00000000
ORB,AKAZE,10,0,0.00000000,0.00000000,0,0.00000000,0.00000000,5285614496162831971717956274206937323440481328937256480958922330248678709689218633860112178131343192334108812580986745737728268629247395958066307983254394192247918343213536598032384.00000000
ORB,AKAZE,11,0,0.00000000,0.00000000,0,0.00000000,0.00000000,257382701426205473290748461812813868344019749007371145206014185196144538222589374640355913423277825384343465416585780640020648120318179633607517618644388805432017684437416277378571698176.00000000
ORB,AKAZE,12,0,0.00000000,0.00000000,0,0.00000000,0.00000000,0.00000000
ORB,AKAZE,13,0,0.00000000,0.00000000,0,0.00000000,0.00000000,0.00000000
ORB,AKAZE,14,0,0.00000000,0.00000000,0,0.00000000,0.00000000,0.00000000
ORB,AKAZE,15,0,0.00000000,0.00000000,0,0.00000000,0.00000000,0.00000000
ORB,AKAZE,16,0,0.00000000,0.00000000,0,0.00000000,0.00000000,0.00000000
ORB,AKAZE,17,0,0.00000000,0.00000000,0,0.00000000,0.00000000,0.00000000

ORB,SIFT,0,500,8.49432900,245.66533100,0,0.00000000,0.00000000,0.00000000
ORB,SIFT,1,500,8.57037400,242.95779200,374,11.46202500,12.29943227,9.83629112
ORB,SIFT,2,500,8.36710000,247.08329000,361,11.41178400,12.98777737,20.40807172
ORB,SIFT,3,500,8.69466000,249.59973700,366,11.31736000,17.26938871,12.09571673
ORB,SIFT,4,500,8.54231700,249.95897000,372,11.29570200,13.79866612,16.14916030
ORB,SIFT,5,500,8.45928700,245.87948300,375,11.23639500,12.85564709,-inf
ORB,SIFT,6,500,8.56758800,248.45337500,381,11.58808700,13.34054193,-inf
ORB,SIFT,7,500,8.62944100,249.73832200,378,11.38625300,14.45731022,-inf
ORB,SIFT,8,500,8.61485000,247.76376800,372,11.55268600,13.13016586,10.99114062
ORB,SIFT,9,500,8.68913900,250.47803900,352,11.22997400,12.34545830,-inf
ORB,SIFT,10,500,8.74997000,249.58181700,355,11.33475700,12.14960324,11.13886850
ORB,SIFT,11,500,8.65009400,251.99360900,377,11.42700700,11.54790781,7.74873527
ORB,SIFT,12,500,8.78457500,248.23767600,394,11.23784100,10.07826007,-inf
ORB,SIFT,13,500,8.74888700,246.67389800,377,11.41002900,9.20565887,11.59659266
ORB,SIFT,14,500,8.71624900,249.49987300,393,11.35055200,9.54236248,-inf
ORB,SIFT,15,500,8.64561500,249.28631100,383,11.40549400,8.39156690,-inf
ORB,SIFT,16,500,8.94154100,253.47836800,368,11.36833400,8.88653053,16.86264737
ORB,SIFT,17,500,9.06739700,252.77960900,360,11.22829900,11.04299793,19.20264194

AKAZE,BRISK,0,1513,91.67864400,16.18175700,0,0.00000000,0.00000000,0.00000000
AKAZE,BRISK,1,1541,79.92494500,15.73541000,786,129.68503200,12.29943227,12.58384965
AKAZE,BRISK,2,1529,78.57751600,16.28356700,773,132.37506600,12.98777737,13.22261767
AKAZE,BRISK,3,1561,78.66748300,16.52879000,775,132.99683600,17.26938871,12.95817836
AKAZE,BRISK,4,1545,77.94030900,16.48391400,766,135.17909200,13.79866612,13.51349440
AKAZE,BRISK,5,1526,78.41679500,16.22617400,783,132.31736500,12.85564709,12.90594032
AKAZE,BRISK,6,1566,80.03571600,16.28428000,806,133.46028600,13.34054193,11.66803676
AKAZE,BRISK,7,1529,83.47675000,16.30305800,821,134.11540900,14.45731022,15.62441259
AKAZE,BRISK,8,1547,78.38092100,15.82374800,802,132.87492300,13.13016586,12.90761806
AKAZE,BRISK,9,1572,79.16906800,16.25345300,798,135.86442300,12.34545830,13.76560036
AKAZE,BRISK,10,1567,80.43266900,16.68852800,803,137.99661000,12.14960324,14.07935036
AKAZE,BRISK,11,1538,78.72977900,16.04993300,807,134.81044400,11.54790781,12.71948623
AKAZE,BRISK,12,1513,78.45868100,16.17151400,813,130.87088800,10.07826007,9.85662728
AKAZE,BRISK,13,1538,79.24129500,16.16150600,841,129.96201900,9.20565887,9.83676008
AKAZE,BRISK,14,1555,79.18494100,15.91304700,877,132.91480200,9.54236248,9.21868389
AKAZE,BRISK,15,1544,80.75533400,16.16275200,877,134.75069300,8.39156690,10.64393613
AKAZE,BRISK,16,1563,78.70577700,16.24782300,867,135.26655100,8.88653053,8.91295072
AKAZE,BRISK,17,1561,79.66135100,15.98286500,921,137.56880500,11.04299793,8.03022028

AKAZE,BRIEF,0,1513,79.26087000,6.80999800,0,0.00000000,0.00000000,0.00000000
AKAZE,BRIEF,1,1541,79.88123700,6.48062700,832,69.20848800,12.29943227,12.42438824
AKAZE,BRIEF,2,1529,80.06071500,6.43843100,819,69.65830200,12.98777737,12.28718119
AKAZE,BRIEF,3,1561,81.87833500,6.55373900,844,70.53847000,17.26938871,11.88401709
AKAZE,BRIEF,4,1545,79.48830100,6.54578300,817,71.67355200,13.79866612,13.38394760
AKAZE,BRIEF,5,1526,80.93147500,6.63879800,841,70.19552600,12.85564709,14.23260412
AKAZE,BRIEF,6,1566,82.60708800,6.73024000,840,71.55131000,13.34054193,12.68753529
AKAZE,BRIEF,7,1529,80.63204700,6.60338800,846,71.15631400,14.45731022,15.07222290
AKAZE,BRIEF,8,1547,81.26987100,6.54817100,883,70.49561700,13.13016586,14.11173422
AKAZE,BRIEF,9,1572,80.47738400,6.65830600,871,72.70367600,12.34545830,11.99968457
AKAZE,BRIEF,10,1567,82.06463300,6.65437200,856,73.41380100,12.14960324,11.61252976
AKAZE,BRIEF,11,1538,78.77902500,6.77739300,834,71.26237000,11.54790781,11.49027364
AKAZE,BRIEF,12,1513,78.90038200,6.27256200,846,68.66307800,10.07826007,10.99695583
AKAZE,BRIEF,13,1538,80.71613700,6.26339200,883,68.95275800,9.20565887,11.03404509
AKAZE,BRIEF,14,1555,78.44287200,6.46024600,889,70.73106600,9.54236248,12.25458707
AKAZE,BRIEF,15,1544,81.63712000,6.75950000,901,71.42579700,8.39156690,10.35331608
AKAZE,BRIEF,16,1563,78.04607000,6.38658300,897,71.70278400,8.88653053,10.26468062
AKAZE,BRIEF,17,1561,78.62617300,6.44516800,896,72.52477400,11.04299793,9.26991450

AKAZE,ORB,0,1513,79.51501700,6.48087600,0,0.00000000,0.00000000,0.00000000
AKAZE,ORB,1,1541,80.11756100,6.49654400,557,69.62645500,12.29943227,9.78099203
AKAZE,ORB,2,1529,79.13699100,6.28291600,541,69.39736500,12.98777737,13.20738751
AKAZE,ORB,3,1561,78.56403500,6.37960400,539,70.35775200,17.26938871,12.80195436
AKAZE,ORB,4,1545,78.03689900,6.37460800,564,71.33176700,13.79866612,14.40146283
AKAZE,ORB,5,1526,78.99983700,6.48467500,578,69.05269500,12.85564709,12.70734957
AKAZE,ORB,6,1566,79.83556400,6.44553000,557,70.16325400,13.34054193,11.20074825
AKAZE,ORB,7,1529,78.14383500,6.34236100,588,70.55079100,14.45731022,16.44555610
AKAZE,ORB,8,1547,80.02416100,6.35610000,599,70.06357700,13.13016586,23.66776288
AKAZE,ORB,9,1572,79.48212800,6.42602800,565,71.47049700,12.34545830,15.21984697
AKAZE,ORB,10,1567,79.71151500,6.66061100,555,72.73149800,12.14960324,11.45544479
AKAZE,ORB,11,1538,77.87982700,6.26846300,531,70.91331200,11.54790781,17.52018556
AKAZE,ORB,12,1513,78.69593900,6.30604100,568,69.04350600,10.07826007,10.68572923
AKAZE,ORB,13,1538,79.45419600,6.34449400,565,69.31185800,9.20565887,14.48545901
AKAZE,ORB,14,1555,80.76448500,6.46867100,569,70.02239500,9.54236248,11.71492534
AKAZE,ORB,15,1544,79.07543400,6.56451700,610,71.52216000,8.39156690,16.43227722
AKAZE,ORB,16,1563,79.15120400,6.53527700,609,70.65121400,8.88653053,11.38749456
AKAZE,ORB,17,1561,78.11274500,6.54852600,588,71.80240700,11.04299793,8.09707448

AKAZE,FREAK,0,1513,77.91652400,54.16615500,0,0.00000000,0.00000000,0.00000000
AKAZE,FREAK,1,1541,79.23754900,55.83347200,570,131.99236000,12.29943227,12.76403739
AKAZE,FREAK,2,1529,78.23877400,54.81670700,627,132.49172100,12.98777737,12.12506996
AKAZE,FREAK,3,1561,79.87480900,54.98237900,620,134.23462500,17.26938871,13.40511841
AKAZE,FREAK,4,1545,79.19534000,55.43185300,601,135.09212300,13.79866612,14.50984880
AKAZE,FREAK,5,1526,80.02907400,55.21483300,580,131.92450100,12.85564709,11.17990138
AKAZE,FREAK,6,1566,80.18281000,55.00540500,621,133.87398700,13.34054193,19.29031357
AKAZE,FREAK,7,1529,79.95791400,55.04107500,627,133.74844100,14.45731022,16.67394325
AKAZE,FREAK,8,1547,78.67272500,54.89697800,605,133.15847400,13.13016586,13.03524216
AKAZE,FREAK,9,1572,95.40416800,54.93181800,600,136.21397800,12.34545830,13.12771029
AKAZE,FREAK,10,1567,80.56369000,55.29542500,597,138.22899200,12.14960324,11.41575889
AKAZE,FREAK,11,1538,79.17790700,54.44395600,603,134.78134500,11.54790781,12.58598784
AKAZE,FREAK,12,1513,77.66679300,54.20448200,618,129.73589100,10.07826007,12.46457294
AKAZE,FREAK,13,1538,78.83610800,59.52237200,616,130.25404600,9.20565887,12.86667506
AKAZE,FREAK,14,1555,79.34153200,55.46948100,647,133.33988400,9.54236248,10.99326542
AKAZE,FREAK,15,1544,77.91858900,54.63754900,664,134.68975400,8.39156690,8.53060973
AKAZE,FREAK,16,1563,80.89309500,54.63413200,654,135.14327100,8.88653053,13.46420075
AKAZE,FREAK,17,1561,79.66873600,55.10690500,689,136.38761000,11.04299793,7.88243904

AKAZE,AKAZE,0,1513,81.01812400,92.94937900,0,0.00000000,0.00000000,0.00000000
AKAZE,AKAZE,1,1541,79.93275600,92.25681300,966,126.79259600,12.29943227,11.96732674
AKAZE,AKAZE,2,1529,79.68891300,88.25624600,929,128.62667300,12.98777737,13.61453313
AKAZE,AKAZE,3,1561,81.97378400,92.53594600,962,129.68751600,17.26938871,13.46281278
AKAZE,AKAZE,4,1545,78.22250600,87.60398300,978,131.16816800,13.79866612,14.42963665
AKAZE,AKAZE,5,1526,80.39025900,91.22547000,952,129.19115800,12.85564709,15.55787371
AKAZE,AKAZE,6,1566,79.97928400,91.01835800,967,130.12044100,13.34054193,11.74821598
AKAZE,AKAZE,7,1529,79.84911200,88.86429500,975,129.54400800,14.45731022,16.21794748
AKAZE,AKAZE,8,1547,78.81219000,88.70073900,976,128.54911400,13.13016586,16.47419067
AKAZE,AKAZE,9,1572,77.69587700,88.31378000,952,131.63566000,12.34545830,12.63609112
AKAZE,AKAZE,10,1567,79.15949800,88.76003800,985,134.48919700,12.14960324,13.23811866
AKAZE,AKAZE,11,1538,84.65687000,89.44774100,953,131.47965100,11.54790781,13.22478707
AKAZE,AKAZE,12,1513,80.17440200,88.32746900,960,125.72215900,10.07826007,10.28592786
AKAZE,AKAZE,13,1538,79.90353500,88.59567900,937,125.64518600,9.20565887,10.42481538
AKAZE,AKAZE,14,1555,79.76181200,89.85021900,978,129.58733000,9.54236248,11.96318707
AKAZE,AKAZE,15,1544,80.45856600,91.30326900,974,130.37568100,8.39156690,9.68587273
AKAZE,AKAZE,16,1563,78.06704300,88.18092800,995,131.40324800,8.88653053,10.58002503
AKAZE,AKAZE,17,1561,78.74189400,89.08054000,1011,133.43462000,11.04299793,14.09014052

AKAZE,SIFT,0,1513,77.77721000,120.28559400,0,0.00000000,0.00000000,0.00000000
AKAZE,SIFT,1,1541,81.16082100,122.84736100,1136,100.40881800,12.29943227,11.96058698
AKAZE,SIFT,2,1529,79.99936400,122.79187600,1150,101.64330500,12.98777737,12.75768123
AKAZE,SIFT,3,1561,79.08029000,123.90852500,1166,102.38614300,17.26938871,12.92814102
AKAZE,SIFT,4,1545,78.90677300,123.09617000,1147,103.76036800,13.79866612,13.49719084
AKAZE,SIFT,5,1526,77.74646800,122.20603500,1146,101.44063600,12.85564709,14.76444851
AKAZE,SIFT,6,1566,79.31780600,125.98254000,1138,103.50444900,13.34054193,14.73184482
AKAZE,SIFT,7,1529,78.26827400,123.33020400,1159,102.92957100,14.45731022,15.32845006
AKAZE,SIFT,8,1547,81.29604300,126.10089000,1169,102.96415000,13.13016586,14.46473750
AKAZE,SIFT,9,1572,80.75156000,125.65475300,1161,104.72485400,12.34545830,12.56315997
AKAZE,SIFT,10,1567,80.27915300,125.26616500,1209,106.27515500,12.14960324,11.39151054
AKAZE,SIFT,11,1538,80.43640200,121.99759600,1149,104.65144600,11.54790781,12.66710765
AKAZE,SIFT,12,1513,78.88173400,120.70490100,1134,100.53098400,10.07826007,10.52796319
AKAZE,SIFT,13,1538,79.36209800,120.83612200,1145,101.31752500,9.20565887,10.99593546
AKAZE,SIFT,14,1555,78.32907500,122.33428200,1181,103.31559800,9.54236248,10.96743448
AKAZE,SIFT,15,1544,82.77530400,124.29559500,1183,105.10344100,8.39156690,9.89327216
AKAZE,SIFT,16,1563,80.59896100,123.68292100,1221,104.36661400,8.88653053,10.46255255
AKAZE,SIFT,17,1561,79.39714000,122.12868500,1210,105.65168000,11.04299793,9.88848566

SIFT,BRISK,0,1890,165.98481100,18.98376700,0,0.00000000,0.00000000,0.00000000
SIFT,BRISK,1,1915,157.92017400,19.04385700,633,183.52992000,12.29943227,12.09805045
SIFT,BRISK,2,1824,157.20316600,18.41676700,620,176.05404800,12.98777737,13.56139129
SIFT,BRISK,3,1837,156.85792900,18.62736500,634,173.07763900,17.26938871,12.44859874
SIFT,BRISK,4,1828,158.49644900,18.22190300,593,170.91742500,13.79866612,15.73761967
SIFT,BRISK,5,1875,159.54681100,18.64289600,633,173.73065500,12.85564709,14.02804651
SIFT,BRISK,6,1931,161.08770900,19.08925600,600,180.26213700,13.34054193,10.98687585
SIFT,BRISK,7,1963,158.74760500,19.41580400,632,187.84351400,14.45731022,18.36204397
SIFT,BRISK,8,1954,160.11101100,19.35067200,618,192.40353900,13.13016586,16.30440746
SIFT,BRISK,9,1983,163.50587900,19.61164400,599,193.16890800,12.34545830,11.21576137
SIFT,BRISK,10,2043,159.66482700,19.82400200,625,200.15317200,12.14960324,11.58280344
SIFT,BRISK,11,2065,159.15473100,20.12612900,620,207.00063500,11.54790781,13.03294153
SIFT,BRISK,12,2007,161.97786600,19.57672500,629,208.68125900,10.07826007,10.66417507
SIFT,BRISK,13,2030,160.34240500,20.22138200,638,206.63485000,9.20565887,8.19318919
SIFT,BRISK,14,2048,159.94554700,19.98020900,688,211.24906800,9.54236248,8.83282377
SIFT,BRISK,15,2044,165.65439100,20.40825700,699,215.31202700,8.39156690,11.19641602
SIFT,BRISK,16,2086,163.17418600,20.81868600,708,218.74352800,8.88653053,7.89185690
SIFT,BRISK,17,2093,162.48793700,20.48406600,753,220.87882500,11.04299793,8.27605724

SIFT,BRIEF,0,1890,157.71052500,6.78973400,0,0.00000000,0.00000000,0.00000000
SIFT,BRIEF,1,1915,157.70897100,6.66290700,670,86.20798400,12.29943227,11.78009539
SIFT,BRIEF,2,1824,158.84261700,6.71560500,658,82.16761500,12.98777737,12.74866791
SIFT,BRIEF,3,1837,158.18161400,6.71909700,670,80.41466100,17.26938871,13.72112500
SIFT,BRIEF,4,1828,158.40964400,6.73230300,661,81.76252200,13.79866612,18.51649511
SIFT,BRIEF,5,1875,159.87341400,6.64652700,617,82.85430200,12.85564709,11.28505688
SIFT,BRIEF,6,1931,158.62917800,6.71255800,630,85.24136500,13.34054193,12.33491015
SIFT,BRIEF,7,1963,159.55492200,6.75904200,673,87.67717400,14.45731022,12.89824409
SIFT,BRIEF,8,1954,161.59692600,6.78523700,639,88.96423600,13.13016586,14.76778322
SIFT,BRIEF,9,1983,161.36300700,6.90945500,648,89.62101600,12.34545830,13.13917412
SIFT,BRIEF,10,2043,164.18374400,7.31968300,654,91.93834900,12.14960324,8.89156419
SIFT,BRIEF,11,2065,162.06468600,7.41393300,679,96.77316600,11.54790781,9.54851642
SIFT,BRIEF,12,2007,164.14879900,7.68968100,672,97.57243100,10.07826007,10.34194429
SIFT,BRIEF,13,2030,161.16613200,7.27522900,655,95.27088200,9.20565887,8.59143714
SIFT,BRIEF,14,2048,163.76471900,7.35658900,736,98.26509300,9.54236248,11.66053702
SIFT,BRIEF,15,2044,161.35017500,7.35230000,724,99.03535400,8.39156690,8.81793874
SIFT,BRIEF,16,2086,162.79072500,7.35290200,709,99.71788300,8.88653053,8.62740688
SIFT,BRIEF,17,2093,164.16119200,7.32096500,724,100.97596800,11.04299793,8.31739554

SIFT,ORB,0,0,0.00000000,0.00000000,0,0.00000000,0.00000000,0.00000000
SIFT,ORB,1,0,0.00000000,0.00000000,0,0.00000000,0.00000000,0.00000000
SIFT,ORB,2,0,0.00000000,0.00000000,0,0.00000000,0.00000000,0.00000000
SIFT,ORB,3,0,0.00000000,0.00000000,0,0.00000000,0.00000000,0.00000000
SIFT,ORB,4,0,0.00000000,0.00000000,0,0.00000000,0.00000000,1726347346919784596218595979484941815920177203742450248701171473325086629857703513723909799164355262607234751553172250703718075200217662729374106842734450926102772184259787656229842430088249594240322340007579275853971610510853021565816286478336.00000000
SIFT,ORB,5,0,0.00000000,0.00000000,0,0.00000000,0.00000000,78923505847451519368150794087956480.00000000
SIFT,ORB,6,0,0.00000000,0.00000000,0,0.00000000,0.00000000,42451022239132593821440808235492530101484619384870697940200026967523770380659019186149598058762252810710399673407962352053728479043228708020109607026538761175637082850407219200.00000000
SIFT,ORB,7,0,0.00000000,0.00000000,0,0.00000000,0.00000000,4251005171854987222490061758896760859931977203737508294106761003003752899904578357821186104635271107542198943109985430542680305572214127338820579886126116552553950781154691884852883105599725004072826521717419699115956386001846272.00000000
SIFT,ORB,8,0,0.00000000,0.00000000,0,0.00000000,0.00000000,0.00000000
SIFT,ORB,9,0,0.00000000,0.00000000,0,0.00000000,0.00000000,0.00000000
SIFT,ORB,10,0,0.00000000,0.00000000,0,0.00000000,0.00000000,5285614496162831971717956274206937323440481328937256480958922330248678709689218633860112178131343192334108812580986745737728268629247395958066307983254394192247918343213536598032384.00000000
SIFT,ORB,11,0,0.00000000,0.00000000,0,0.00000000,0.00000000,257382701426205473290748461812813868344019749007371145206014185196144538222589374640355913423277825384343465416585780640020648120318179633607517618644388805432017684437416277378571698176.00000000
SIFT,ORB,12,0,0.00000000,0.00000000,0,0.00000000,0.00000000,0.00000000
SIFT,ORB,13,0,0.00000000,0.00000000,0,0.00000000,0.00000000,0.00000000
SIFT,ORB,14,0,0.00000000,0.00000000,0,0.00000000,0.00000000,0.00000000
SIFT,ORB,15,0,0.00000000,0.00000000,0,0.00000000,0.00000000,0.00000000
SIFT,ORB,16,0,0.00000000,0.00000000,0,0.00000000,0.00000000,0.00000000
SIFT,ORB,17,0,0.00000000,0.00000000,0,0.00000000,0.00000000,0.00000000

SIFT,FREAK,0,1890,160.20191000,53.86300300,0,0.00000000,0.00000000,0.00000000
SIFT,FREAK,1,1915,158.47915700,53.53150000,430,162.67375100,12.29943227,11.32162344
SIFT,FREAK,2,1824,156.71701800,52.75865300,428,157.84367900,12.98777737,38.36858710
SIFT,FREAK,3,1837,158.56512300,53.21835000,437,153.03203900,17.26938871,15.07224659
SIFT,FREAK,4,1828,160.62652300,52.78975900,446,154.46090700,13.79866612,14.09110053
SIFT,FREAK,5,1875,161.01937000,53.77039100,454,157.04863200,12.85564709,nan
SIFT,FREAK,6,1931,160.33148100,52.93862600,439,161.68241400,13.34054193,12.03559411
SIFT,FREAK,7,1963,161.08695100,53.76181000,440,167.06399800,14.45731022,12.62433229
SIFT,FREAK,8,1954,159.90232700,53.63214400,468,169.49327100,13.13016586,12.49795540
SIFT,FREAK,9,1983,164.79731600,53.88222900,467,171.31765800,12.34545830,19.25058878
SIFT,FREAK,10,2043,159.95902800,53.59337700,448,174.59694400,12.14960324,11.27657597
SIFT,FREAK,11,2065,162.84095700,54.25940600,447,185.87888900,11.54790781,12.81384773
SIFT,FREAK,12,2007,164.75265500,55.69532800,471,187.19554300,10.07826007,10.86273991
SIFT,FREAK,13,2030,161.74789900,55.77370600,456,183.20125000,9.20565887,11.87347483
SIFT,FREAK,14,2048,166.12090800,59.19987900,464,186.70109400,9.54236248,11.74024784
SIFT,FREAK,15,2044,164.01254900,55.55290900,483,189.25500000,8.39156690,15.16736524
SIFT,FREAK,16,2086,161.27437200,54.74440500,493,193.49922200,8.88653053,10.24470416
SIFT,FREAK,17,2093,166.78636900,55.24932000,530,195.17260900,11.04299793,9.64882510

SIFT,AKAZE,0,0,0.00000000,0.00000000,0,0.00000000,0.00000000,0.00000000
SIFT,AKAZE,1,0,0.00000000,0.00000000,0,0.00000000,0.00000000,0.00000000
SIFT,AKAZE,2,0,0.00000000,0.00000000,0,0.00000000,0.00000000,0.00000000
SIFT,AKAZE,3,0,0.00000000,0.00000000,0,0.00000000,0.00000000,0.00000000
SIFT,AKAZE,4,0,0.00000000,0.00000000,0,0.00000000,0.00000000,1726347346919784596218595979484941815920177203742450248701171473325086629857703513723909799164355262607234751553172250703718075200217662729374106842734450926102772184259787656229842430088249594240322340007579275853971610510853021565816286478336.00000000
SIFT,AKAZE,5,0,0.00000000,0.00000000,0,0.00000000,0.00000000,78923505847451519368150794087956480.00000000
SIFT,AKAZE,6,0,0.00000000,0.00000000,0,0.00000000,0.00000000,42451022239132593821440808235492530101484619384870697940200026967523770380659019186149598058762252810710399673407962352053728479043228708020109607026538761175637082850407219200.00000000
SIFT,AKAZE,7,0,0.00000000,0.00000000,0,0.00000000,0.00000000,4251005171854987222490061758896760859931977203737508294106761003003752899904578357821186104635271107542198943109985430542680305572214127338820579886126116552553950781154691884852883105599725004072826521717419699115956386001846272.00000000
SIFT,AKAZE,8,0,0.00000000,0.00000000,0,0.00000000,0.00000000,0.00000000
SIFT,AKAZE,9,0,0.00000000,0.00000000,0,0.00000000,0.00000000,0.00000000
SIFT,AKAZE,10,0,0.00000000,0.00000000,0,0.00000000,0.00000000,5285614496162831971717956274206937323440481328937256480958922330248678709689218633860112178131343192334108812580986745737728268629247395958066307983254394192247918343213536598032384.00000000
SIFT,AKAZE,11,0,0.00000000,0.00000000,0,0.00000000,0.00000000,257382701426205473290748461812813868344019749007371145206014185196144538222589374640355913423277825384343465416585780640020648120318179633607517618644388805432017684437416277378571698176.00000000
SIFT,AKAZE,12,0,0.00000000,0.00000000,0,0.00000000,0.00000000,0.00000000
SIFT,AKAZE,13,0,0.00000000,0.00000000,0,0.00000000,0.00000000,0.00000000
SIFT,AKAZE,14,0,0.00000000,0.00000000,0,0.00000000,0.00000000,0.00000000
SIFT,AKAZE,15,0,0.00000000,0.00000000,0,0.00000000,0.00000000,0.00000000
SIFT,AKAZE,16,0,0.00000000,0.00000000,0,0.00000000,0.00000000,0.00000000
SIFT,AKAZE,17,0,0.00000000,0.00000000,0,0.00000000,0.00000000,0.00000000

SIFT,SIFT,0,1890,162.61389300,192.49134100,0,0.00000000,0.00000000,0.00000000
SIFT,SIFT,1,1915,159.32464200,195.12533100,1030,155.62210200,12.29943227,10.25771584
SIFT,SIFT,2,1824,161.65883500,188.15108700,987,151.51501100,12.98777737,13.37007041
SIFT,SIFT,3,1837,159.35891300,190.12976400,972,143.80331800,17.26938871,12.74747864
SIFT,SIFT,4,1828,157.30398700,189.43174700,964,144.22215900,13.79866612,13.68468566
SIFT,SIFT,5,1875,161.55250800,193.77769000,988,149.24784400,12.85564709,12.28966587
SIFT,SIFT,6,1931,158.82509700,191.99555700,967,155.63792500,13.34054193,11.29687281
SIFT,SIFT,7,1963,164.99621300,196.89285900,1011,162.42307400,14.45731022,13.84681677
SIFT,SIFT,8,1954,159.85585700,194.07896700,1036,165.05587000,13.13016586,15.70381273
SIFT,SIFT,9,1983,160.83782100,196.45234500,1008,166.66641200,12.34545830,11.85163345
SIFT,SIFT,10,2043,159.43385000,195.63686600,1003,173.87433600,12.14960324,10.62194216
SIFT,SIFT,11,2065,160.39465400,210.26283100,1084,181.22834100,11.54790781,10.35067564
SIFT,SIFT,12,2007,159.11761100,194.29239400,1060,178.06384500,10.07826007,10.49367739
SIFT,SIFT,13,2030,161.16769700,196.52976200,1107,174.96445500,9.20565887,9.49109795
SIFT,SIFT,14,2048,161.64927000,199.76302700,1125,179.18059100,9.54236248,12.45223194
SIFT,SIFT,15,2044,161.57399800,197.47770100,1107,179.57509500,8.39156690,10.04576043
SIFT,SIFT,16,2086,164.02063100,204.59642500,1173,182.61551700,8.88653053,10.30055819
SIFT,SIFT,17,2093,164.81628200,204.10633400,1183,187.31395600,11.04299793,8.40146166

